Francisco,Franklipi23
Marco,dangelo12
peron,peron1234
tomas,tomas24
tominahuel,tomi2022
tomy,tomy23
tuty,1234a
zarza,zarza23
